n,Region,Reference,Publication year,DOI,Country,General location,Accuracy of the study site's location  (0-3),Lat_dec,Long_dec,Min. depth (m),Max. depth (m),habitat location
1,South east Mediterranean,"Zakhama-Sraieb R, Zribi I, Mnasri I, Charfi-Cheikhrouha F. A comparative study of trace elements in Cymodocea nodosa from three semi-enclosed coastal areas in Tunisia. Environ Sci Pollut Res Int. 2019 Apr;26(10):10000–12.",2019,"10.1007/s11356-019-04428-3,",Tunisia,The Bizerte lagoon,2,37.1500000,9.8333330,,7.0,semi-enclosed lagoon
1,South east Mediterranean,"Zakhama-Sraieb R, Zribi I, Mnasri I, Charfi-Cheikhrouha F. A comparative study of trace elements in Cymodocea nodosa from three semi-enclosed coastal areas in Tunisia. Environ Sci Pollut Res Int. 2019 Apr;26(10):10000–12.",2019,"10.1007/s11356-019-04428-3,",Tunisia,The Ghar El Melh lagoon,2,37.1500000,10.2300000,,0.8,semi-enclosed lagoon
1,South east Mediterranean,"Zakhama-Sraieb R, Zribi I, Mnasri I, Charfi-Cheikhrouha F. A comparative study of trace elements in Cymodocea nodosa from three semi-enclosed coastal areas in Tunisia. Environ Sci Pollut Res Int. 2019 Apr;26(10):10000–12.",2019,"10.1007/s11356-019-04428-3,",Tunisia,The marina Cap Monastir,3,35.7788890,10.8352780,,4.0,semi-closed marina
2,South east Mediterranean,"Sghaier YR, Zakhama-Sraieb R, Charfi-Cheikhrouha F. Spatio-temporal dynamics and biomass of Cymodocea nodosa in Bekalta (Tunisia, Southern Mediterranean Sea). Marine Ecology. 2017 Feb;38(1):e12383.",2017,10.1111/maec.12383,Tunisia,Monastir Bay,3,35.6294170,11.0425830,0.3,0.6,semi-enclosed lagoon
2,South east Mediterranean,"Sghaier YR, Zakhama-Sraieb R, Charfi-Cheikhrouha F. Spatio-temporal dynamics and biomass of Cymodocea nodosa in Bekalta (Tunisia, Southern Mediterranean Sea). Marine Ecology. 2017 Feb;38(1):e12383.",2017,10.1111/maec.12383,Tunisia,Monastir Bay,3,35.6299720,11.0425830,0.3,0.6,semi-enclosed lagoon
2,South east Mediterranean,"Sghaier YR, Zakhama-Sraieb R, Charfi-Cheikhrouha F. Spatio-temporal dynamics and biomass of Cymodocea nodosa in Bekalta (Tunisia, Southern Mediterranean Sea). Marine Ecology. 2017 Feb;38(1):e12383.",2017,10.1111/maec.12383,Tunisia,Monastir Bay,3,35.6309440,11.0411670,0.3,0.6,semi-enclosed lagoon
3,North east Mediterranean,,2022,10.1002/ece3.8911,Greece,agean sea,0,,,1.0,3.0,close-bay
3,North east Mediterranean,"Gkafas GA. Genetic diversity and structure of cymodocea nodosa meadows in the aegean sea, eastern mediterranean. Appl Ecol Env Res. 2016 Jan 28;14(1):145–60.",2016,10.15666/aeer/1401_145160,Greece,Pagassitikos gulf,2,39.016667,22.95,3.0,4.0,close-bay
3,North east Mediterranean,"Gkafas GA. Genetic diversity and structure of cymodocea nodosa meadows in the aegean sea, eastern mediterranean. Appl Ecol Env Res. 2016 Jan 28;14(1):145–60.",2016,10.15666/aeer/1401_145160,Greece,Pagassitikos gulf,2,39.3,23.1,3.0,4.0,close-bay
3,North east Mediterranean,"Gkafas GA. Genetic diversity and structure of cymodocea nodosa meadows in the aegean sea, eastern mediterranean. Appl Ecol Env Res. 2016 Jan 28;14(1):145–60.",2016,10.15666/aeer/1401_145160,Greece,Pagassitikos gulf,2,39.216667,23.183333,3.0,4.0,close-bay
3,North east Mediterranean,"Gkafas GA. Genetic diversity and structure of cymodocea nodosa meadows in the aegean sea, eastern mediterranean. Appl Ecol Env Res. 2016 Jan 28;14(1):145–60.",2016,10.15666/aeer/1401_145160,Greece,Pagassitikos gulf,2,39.266667,23.15,3.0,4.0,close-bay
3,North east Mediterranean,"Gkafas GA. Genetic diversity and structure of cymodocea nodosa meadows in the aegean sea, eastern mediterranean. Appl Ecol Env Res. 2016 Jan 28;14(1):145–60.",2016,10.15666/aeer/1401_145160,Greece,Toronaios gulf,2,40.183333,23.666667,3.0,4.0,close-bay
3,North east Mediterranean,"Gkafas GA. Genetic diversity and structure of cymodocea nodosa meadows in the aegean sea, eastern mediterranean. Appl Ecol Env Res. 2016 Jan 28;14(1):145–60.",2016,10.15666/aeer/1401_145160,Greece,Toronaios gulf,2,40.133333,23.75,3.0,4.0,close-bay
3,North east Mediterranean,"Gkafas GA. Genetic diversity and structure of cymodocea nodosa meadows in the aegean sea, eastern mediterranean. Appl Ecol Env Res. 2016 Jan 28;14(1):145–60.",2016,10.15666/aeer/1401_145160,Greece,Toronaios gulf,2,40.166667,23.716667,3.0,4.0,close-bay
4,East Mediterranean,"Bianchi TS, Argyrou M, Chippett HF. Contribution of vascular-plant carbon to surface sediments across the coastal margin of Cyprus (eastern Mediterranean). Org Geochem. 1999 May;30(5):287–97.",1999,10.1016/S0146-6380(99)00016-9,Cyprus ,Limassol,2,34.707222,33.216111,5,10,
6,North east Mediterranean,,2008,10.1016/j.tet.2007.12.007,Greece,"Porto Germeno, Attica",0,,,,,
7,North east Mediterranean,,2006,10.1016/j.steroids.2005.09.004,Greece,Ag. Cosmas gulf,0,,,,5,
5,North east Mediterranean,"Malea P, Kevrekidis T, Chatzipanagiotou K-R, Mogias A. Cadmium uptake kinetics in parts of the seagrass Cymodocea nodosa at high exposure concentrations. J Biol Res (Thessalon). 2018 Dec;25:5.",2018,10.1186/s40709-018-0076-4,Greece,Gulf of Thessalonik,2,40.5500000,22.9827780,0.4,2.0,close-bay
9,South east Mediterranean,,2017,10.1186/s12944-017-0626-z,Tunisia,Chebba,0,,,,,
10,West Mediterranean,,2017,10.1016/j.rsma.2017.05.011,Spain,"Minorca Island,FornellsBay",3,40.0544000,4.1386000,0.0,10.0,semi-encluse bay
10,West Mediterranean,,2017,10.1016/j.rsma.2017.05.011,Spain,"Minorca Island,FornellsBay",3,40.0343000,4.1377000,0.0,10.0,semi-encluse bay
10,West Mediterranean,,2017,10.1016/j.rsma.2017.05.011,Spain,"Minorca Island,FornellsBay",3,40.0284000,4.1287000,0.0,10.0,semi-encluse bay
6,South east Mediterranean,"Sghaier YR, Zakhama-Sraieb R, Charfi-Cheikhrouha F. Primary production and biomass in a Cymodocea nodosa meadow in the Ghar El Melh lagoon, Tunisia. Botanica Marina. 2011 Jan 1;54(4).",2011,10.1515/bot.2011.045,Tunisia,The Ghar El Melh lagoon,3,37.1561110,10.2205560,0.5,3.8,semi-enclosed lagoon
12,South east Mediterranean,,2021,10.1111/maec.12642,Tunisia,Chebba,0,,,,5.0,
7,South east Mediterranean,"Zribi I, Ellouzi H, Mnasri I, Abdelkader N, Ben Hmida A, Dorai S, et al. Effect of shading imposed by the algae Chaeotomorpha linum loads on structure, morphology and physiology of the seagrass Cymodocea nodosa. Mar Environ Res. 2023 Jun;188:106001.",2023,"10.1016/j.marenvres.2023.106001,",Tunisia,Bekalt,3,35.6368330,11.0093060,0.2,2.0,semi-enclosed lagoon
8,South east Mediterranean,"Ben Brahim M, Mabrouk L, Hamza A, Jribi I. Comparison of spatial scale variability of shoot density and epiphytic leaf assemblages of Halophila stipulacea and Cymodocea nodosa on the Eastern Coast of Tunisia. Plant Biosystems - An International Journal Dealing with all Aspects of Plant Biology. 2020 May 3;154(3):413–26.",2020,10.1080/11263504.2019.1674399,Tunisia,Chebba,3,35.2238890,11.1608330,1.0,20.0,shallow flat plato
15,North east Mediterranean,,2017,10.1016/j.margen.2017.03.005,Greece,Kavala Gulf,0,,,,,
9,North east Mediterranean,"Mylona Z, Panteris E, Kevrekidis T, Malea P. Physiological and structural responses of the seagrass Cymodocea nodosa to titanium dioxide nanoparticle exposure. Botanica Marina. 2020 Dec 16;63(6):493–507.",2020,10.1515/bot-2020-0047,Greece,Thermaikos Gul,3,40.4065610,22.8956610,,1.0,close-bay
10,East Mediterranean,"Mutlu E, Olguner C, Özvarol Y, Gökoğlu M. Spatiotemporal biometrics of Cymodocea nodosa in a western Turkish Mediterranean coast. Biologia. 2022 Mar;77(3):649–70.",2022,10.1007/s11756-021-00953-0,Turkey,Üç Adalar,1,36.0333330,29.1500000,5.0,20.0,bay
10,East Mediterranean,"Mutlu E, Olguner C, Özvarol Y, Gökoğlu M. Spatiotemporal biometrics of Cymodocea nodosa in a western Turkish Mediterranean coast. Biologia. 2022 Mar;77(3):649–70.",2022,10.1007/s11756-021-00953-0,Turkey,Üç Adalar,1,36.0333330,30.0333330,5.0,20.0,bay
10,East Mediterranean,"Mutlu E, Olguner C, Özvarol Y, Gökoğlu M. Spatiotemporal biometrics of Cymodocea nodosa in a western Turkish Mediterranean coast. Biologia. 2022 Mar;77(3):649–70.",2022,10.1007/s11756-021-00953-0,Turkey,Üç Adalar,1,36.0833330,30.0666670,5.0,20.0,bay
10,East Mediterranean,"Mutlu E, Olguner C, Özvarol Y, Gökoğlu M. Spatiotemporal biometrics of Cymodocea nodosa in a western Turkish Mediterranean coast. Biologia. 2022 Mar;77(3):649–70.",2022,10.1007/s11756-021-00953-0,Turkey,Üç Adalar,1,36.1000000,30.0833330,5.0,20.0,bay
11,South east Mediterranean,"Imen ZRIBI, Ellouzi H, Mnasri I, Abdelkader N, Ben Hmida A, et al. Short-term effect of filamentous macroalgae Chaetomorpha linum on Cymodocea nodosa: Does clonal integration alleviate macroalgae impacts? Aquatic Botany. 2023 Sep;188:103659.",2023,10.1016/j.aquabot.2023.103659,Tunisia,Bekalta,3,35.6368330,11.0093060,0.2,2.0,semi-enclosed lagoon
19,East Mediterranean,,2022,10.1515/bot-2022-0040,,,0,,,,,
12,North east Mediterranean,"Koutalianou M, Orfanidis S, Katsaros C. Effects of high temperature on the ultrastructure and microtubule organization of interphase and dividing cells of the seagrass Cymodocea nodosa. Protoplasma. 2016 Mar;253(2):299–310.",2016,10.1007/s00709-015-0809-2,Greece,Evoikos Gulf,3,38.4,23.666667,0.3,3,semi-encluse bay
13,North east Mediterranean,"Malea P, Kevrekidis T, Potouroglou M. Seasonal variation of trace metal (Mn, Zn, Cu, Pb, Co, Cd) concentrations in compartments of the seagrass Cymodocea nodosa. Botanica Marina. 2013 Apr 1;56(2):169–84.",2013,10.1515/bot-2012-0138,Greece,Thermaikos Gul,2,40.5500000,22.9666670,0.5,2.0,semi-encluse bay
14,North east Mediterranean,"Adamakis I-DS, Malea P, Panteris E. The effects of Bisphenol A on the seagrass Cymodocea nodosa: Leaf elongation impairment and cytoskeleton disturbance. Ecotoxicol Environ Saf. 2018 Aug 15;157:431–40.",2018,10.1016/j.ecoenv.2018.04.005,Greece,Gulf of Thessaloniki,2,40.5500000,22.9666670,0.7,1.0,semi-encluse bay
15,North east Mediterranean,"Malea P, Adamakis I-DS, Kevrekidis T. Microtubule integrity and cell viability under metal (Cu, Ni and Cr) stress in the seagrass Cymodocea nodosa. Chemosphere. 2013 Oct;93(6):1035–42.",2013,10.1016/j.chemosphere.2013.05.074,Greece,Gulf of Thessaloniki,2,40.5500000,22.9666670,0.7,1.0,semi-encluse bay
24,North east Mediterranean,,1999,10.1515/BOT.1999.048,Greece,Gulf of Thessaloniki,0,,,,,semi-encluse bay
16,South east Mediterranean,TURKI S. Distribution of toxic dinoflagellates along the leaves of seagrass Posidonia oceanica and Cymodocea nodosa from the Gulf of Tunis. Cahiers de biologie marine. 2005 May 4;46(1):29–34.,2005,,Tunisia,bay of La Marsa,1,36.8777780,11.3444440,3.0,5.0,bay
18,East Atlantic,"Schäfer S, Monteiro J, Castro N, Gizzi F, Henriques F, Ramalhosa P, et al. Lost and found: A new hope for the seagrass Cymodocea nodosa in the marine ecosystem of a subtropical Atlantic Island. Regional Studies in Marine Science. 2021 Jan;41:101575.",2021,10.1016/j.rsma.2020.101575,Portugal,Madeira,3,32.7403620,16.7086220,10.0,12.0,bay
17,North east Mediterranean,"Malea P, Haritonidis S. Local Distribution and Seasonal Variation of Fe, Pb, Zn, Cu, Cd, Na, K, Ca, and Mg Concentrations in the Seagrass Cymodocea nodosa (ucria) Aschers. in the Antikyra Gulf, Greece. Marine Ecology. 1995 Mar;16(1):41–56.",1995,10.1111/j.1439-0485.1995.tb00393.x,Greece,Antikyra Gulf,2,38.3666670,22.6586220,0.5,12.0,
29,North east Mediterranean,,1993,10.1016/0045-6535(93)90371-B,Greece,,0,,,,,
30,North-Eastern Atlantic Ocean,,2015,10.1111/jfb.12771,Mauritania,Banc d’Arguin,3,19.887,0.175,,,
30,North-Eastern Atlantic Ocean,,2015,10.1111/jfb.12771,Mauritania,Banc d’Arguin,3,19.881,0.246,,,
30,North-Eastern Atlantic Ocean,,2015,10.1111/jfb.12771,Mauritania,Banc d’Arguin,3,19.881,0.246,,,
30,North-Eastern Atlantic Ocean,,2015,10.1111/jfb.12771,Spain,Lanzarote Island,3,29.012,3.064,,,
30,North-Eastern Atlantic Ocean,,2015,10.1111/jfb.12771,Spain, Fuerteventura Island,3,28.225,2.552,,,
30,North-Eastern Atlantic Ocean,,2015,10.1111/jfb.12771,Spain,Gran Canaria Island,3,27.8510000,1.1420000,,,
30,North-Eastern Atlantic Ocean,,2015,10.1111/jfb.12771,Spain,Tenerife Island,3,28.042,0,,,
30,North-Eastern Atlantic Ocean,,2015,10.1111/jfb.12771,Portugal,Ria Formosa Lagoon,3,36.978,8.665,,,
30,North-Eastern Atlantic Ocean,,2015,10.1111/jfb.12771,Portugal,Ria Formosa Lagoon,3,36.9780000,8.6650000,,,
30,North-Eastern Atlantic Ocean,,2015,10.1111/jfb.12771,Spain,Cádiz Bay,3,36.5790000,10.2340000,,,
30,West Mediterranean,,2015,10.1111/jfb.12771,Spain,Málaga Bay,3,36.7130000,12.1360000,,,
30,West Mediterranean,,2015,10.1111/jfb.12771,Spain,Mar Menor,3,37.7250000,17.3320000,,,
30,West Mediterranean,,2015,10.1111/jfb.12771,Spain,Menorca Island,3,40.0400000,20.6690000,,,
30,West Mediterranean,,2015,10.1111/jfb.12771,Spain,Menorca Island,3,40.0400000,20.6690000,,,
30,West Mediterranean,,2015,10.1111/jfb.12771,Italy,Sardinia Island,3,40.911,26.1140000,,,
30,West Mediterranean,,2015,10.1111/jfb.12771,Italy,Gulf of Imperia,3,43.8700000,24.5480000,,,
30,Adriatic Sea,,2015,10.1111/jfb.12771,Italy,Acquatina Lagoon,3,40.4430000,34.7730000,,,
30,Adriatic Sea,,2015,10.1111/jfb.12771,Italy,Venice Lagoon,3,45.3410000,28.8110000,,,
30,Adriatic Sea,,2015,10.1111/jfb.12771,Italy,Gulf of Trieste,3,45.5560000,30.2520000,,,
18,North east Mediterranean,"Espino F, Brito A, Haroun R, Tuya F. Macroecological analysis of the fish fauna inhabiting Cymodocea nodosa seagrass meadows. J Fish Biol. 2015 Oct;87(4):1000–18.",2015,10.1111/jfb.12771,Greece,Cyclades Islands,3,37.0210000,41.8530000,,,
18,East Mediterranean,"Espino F, Brito A, Haroun R, Tuya F. Macroecological analysis of the fish fauna inhabiting Cymodocea nodosa seagrass meadows. J Fish Biol. 2015 Oct;87(4):1000–18.",2015,10.1111/jfb.12771,Lebanon,Lebanon,3,34.2780000,52.1890000,,,
18,East Mediterranean,"Espino F, Brito A, Haroun R, Tuya F. Macroecological analysis of the fish fauna inhabiting Cymodocea nodosa seagrass meadows. J Fish Biol. 2015 Oct;87(4):1000–18.",2015,10.1111/jfb.12771,Turkey,Erdek Bay,3,40.3230000,44.3060000,,,
20,South east Mediterranean,"Daoulati A, Antit M, Azzouna A, Garcia Raso JE. Seasonal and diel changes in the structure of a crustacean decapod assemblage associated to a shallow Cymodocea nodosa meadow in northern Tunisia (Mediterranean Sea). An overview of the Mediterranean decapod taxocoenoses. Medit Mar Sci. 2013 Sep 6;15(1):59.",2013,10.12681/mms.346,Tunisia,bay of La Goulette,3,36.81855,10.310072,1.0,10.0,close bay
21,North east Mediterranean,"Anastasiadou C, Papathanasiou V, Kamidis N, Gubili C. Crustacean decapod diversity associated with four shallow meadows of Cymodocea nodosa meadows from the North Aegean Sea. Journal of Wildlife and Biodiversity. 2020 Jan 30;4(1), 55–65.",2020,10.22120/jwb.2019.115164.1091   ,Greece, Gulf of Kavala,3,40.8241,24.3173,0.5,1.5,semi-encluse bay
21,North east Mediterranean,"Anastasiadou C, Papathanasiou V, Kamidis N, Gubili C. Crustacean decapod diversity associated with four shallow meadows of Cymodocea nodosa meadows from the North Aegean Sea. Journal of Wildlife and Biodiversity. 2020 Jan 30;4(1), 55–65.",2020,10.22120/jwb.2019.115164.1091   ,Greece, Gulf of Kavala,3,40.8431000,24.3079000,0.5,1.5,semi-encluse bay
21,North east Mediterranean,"Anastasiadou C, Papathanasiou V, Kamidis N, Gubili C. Crustacean decapod diversity associated with four shallow meadows of Cymodocea nodosa meadows from the North Aegean Sea. Journal of Wildlife and Biodiversity. 2020 Jan 30;4(1), 55–65.",2020,10.22120/jwb.2019.115164.1091   ,Greece, Gulf of Kavala,3,40.9495000,24.4872000,0.5,1.5,semi-encluse bay
21,North east Mediterranean,"Anastasiadou C, Papathanasiou V, Kamidis N, Gubili C. Crustacean decapod diversity associated with four shallow meadows of Cymodocea nodosa meadows from the North Aegean Sea. Journal of Wildlife and Biodiversity. 2020 Jan 30;4(1), 55–65.",2020,10.22120/jwb.2019.115164.1091   ,Greece, Gulf of Kavala,3,40.9118000,24.5709000,0.5,1.5,semi-encluse bay
33,Effects of flooding on the Mediterranean Cymodocea nodosa population in relation to environmental degradation,,,10.1515/bot-2021-0106,,,,,,,,
22,North east Mediterranean,"MALEA P, ZIKIDOU C. Temporal variation in biomass partitioning of the seagrass Cymodocea nodosa at the Gulf of Thessaloniki, Greece. Journal of Biological Research-Thessaloniki. 2011 Jun 1;15:75–90.",2011,"Temporal variation in biomass partitioning of the seagrass Cymodocea nodosa at the Gulf of Thessaloniki, Greece",Greece,Gulf of Thessaloniki,2,40.5500000,22.9666670,0.4,2.0,semi-encluse bay
23,East Mediterranean,"Farrag MMS, El-Naggar HA, Abou-Mahmoud MMA, Alabssawy AN, Ahmed HO, et al. Marine biodiversity patterns off Alexandria area, southeastern Mediterranean Sea, Egypt. Environ Monit Assess. 2019 May 15;191(6):367.",2019,"10.1007/s10661-019-7471-7, PMID: 31093780",Egypt,Alexandria,1,31.0000000,29.3000000,,,
24,North east Mediterranean,"Tsioli S, Orfanidis S, Papathanasiou V, Katsaros C, Exadactylos A. Effects of salinity and temperature on the performance of Cymodocea nodosa and Ruppia cirrhosa : a medium-term laboratory study. Botanica Marina. 2019 Apr 24;62(2):97–108.",2019,10.1515/bot-2017-0125,Greece, Gulf of Kavala,1,40.8282280,24.3363830,2.0,4.0,semi-encluse bay
37,South east Mediterranean,,2017,10.1186/s12944-017-0643-y,Tunisia,Chebba,0,,,,,
25,South east Mediterranean,"Kolsi RBA, Fakhfakh J, Krichen F, Jribi I, Chiarore A, et al. Structural characterization and functional properties of antihypertensive Cymodocea nodosa sulfated polysaccharide. Carbohydr Polym. 2016 Oct 20;151:511–22.",2016,10.1016/j.carbpol.2016.05.098,Tunisia,Chebba,2,35.307778,11.133333,,1.0,open shore
26,South east Mediterranean,"Zaabar W, Charfi Cheikhrouha F, Achouri MS. Temporal variation and structure of macro-epifauna associated with macrophytes in the Bizerte lagoon (Tunisia, SW Mediterranean Sea). J Nat Hist. 2017 Dec 25;51(47–48):2827–47.",2017,10.1080/00222933.2017.1394504,Tunisia,Bizerte lagoon.,2,37.216667,9.933333,0.2,7.0,semi-enclosed lagoon
27,North east Mediterranean,"Tsioli S, Papathanasiou V, Rizouli A, Kosmidou M, Katsaros C, et al. Diversity and composition of algal epiphytes on the Mediterranean seagrass Cymodocea nodosa : a scale-based study. Botanica Marina. 2021 Apr 27;64(2):101–18.",2021,10.1515/bot-2020-0057,Greece, Gulf of Kavala,3,40.8270920,24.3191060,1.5,3.0,semi-encluse bay
27,North east Mediterranean,"Tsioli S, Papathanasiou V, Rizouli A, Kosmidou M, Katsaros C, et al. Diversity and composition of algal epiphytes on the Mediterranean seagrass Cymodocea nodosa : a scale-based study. Botanica Marina. 2021 Apr 27;64(2):101–18.",2021,10.1515/bot-2020-0057,Greece, Gulf of Kavala,3,40.7794470,24.6963810,1.5,3.0,semi-encluse bay
27,North east Mediterranean,"Tsioli S, Papathanasiou V, Rizouli A, Kosmidou M, Katsaros C, et al. Diversity and composition of algal epiphytes on the Mediterranean seagrass Cymodocea nodosa : a scale-based study. Botanica Marina. 2021 Apr 27;64(2):101–18.",2021,10.1515/bot-2020-0057,Greece, Gulf of Kavala,3,40.9565610,24.5188000,1.5,3.0,semi-encluse bay
30,North east Mediterranean,Malea P. Fluoride content in three seagrasses of the Antikyra Gulf (Greece) in the vicinity of an aluminum factory. Sci Total Environ. 1995 Apr 21;166(1–3):11–7.,1995,10.1016/0048-9697(95)04513-Z,Greece,Antikyra  Gulf  ,2,38.3666670,22.1666670,4.0,5.0,
30,North east Mediterranean,Malea P. Fluoride content in three seagrasses of the Antikyra Gulf (Greece) in the vicinity of an aluminum factory. Sci Total Environ. 1995 Apr 21;166(1–3):11–7.,1995,10.1016/0048-9697(95)04513-Z,Greece,Antikyra  Gulf  ,2,38.3666670,22.1666670,,0.5,
30,North east Mediterranean,Malea P. Fluoride content in three seagrasses of the Antikyra Gulf (Greece) in the vicinity of an aluminum factory. Sci Total Environ. 1995 Apr 21;166(1–3):11–7.,1995,10.1016/0048-9697(95)04513-Z,Greece,Antikyra  Gulf  ,2,38.3666670,22.1666670,5,7.0,
30,North east Mediterranean,Malea P. Fluoride content in three seagrasses of the Antikyra Gulf (Greece) in the vicinity of an aluminum factory. Sci Total Environ. 1995 Apr 21;166(1–3):11–7.,1995,10.1016/0048-9697(95)04513-Z,Greece,Antikyra  Gulf  ,2,38.3666670,22.1666670,,9.5,
42,West Mediterranean,,2020,10.1080/02757540.2020.1752199,Egypt,Alexandria,0,,,,,
43,South east Mediterranean,,2015,10.3109/13813455.2015.1105266,Tunisia,Chebba,0,,,,1.0,
31,South east Mediterranean,"Vela A, Pasqualini V, Leoni V, Djelouli A, Langar H, Pergent G, et al. Use of SPOT 5 and IKONOS imagery for mapping biocenoses in a Tunisian Coastal Lagoon (Mediterranean Sea). Estuar Coast Shelf Sci. 2008 Sep;79(4):591–8.",2008,10.1016/j.ecss.2008.05.014,Tunisia,El Bibane lagoon,1,33.0333330,11.0166670,,6.0,semi-enclosed lagoon
45,North east Mediterranean,,2015,10.1016/j.jembe.2015.04.022,Greece, Gulf of Kavala,0,,,,,
46,North east Mediterranean,,2017,10.1016/j.marpolbul.2017.06.075,Greece,Thermaikos Gulf,0,,,,,
32,North east Mediterranean,"Mylona Z, Panteris E, Moustakas M, Kevrekidis T, Malea P. Physiological, structural and ultrastructural impacts of silver nanoparticles on the seagrass Cymodocea nodosa. Chemosphere. 2020 Jun;248:126066.",2020,10.1016/j.chemosphere.2020.126066,Greece,Thermaikos Gulf,3,40.4065610,22.8956610,,1.0,
33,North east Mediterranean,"Mishra AK, Cabaço S, de Los Santos CB, Apostolaki ET, Vizzini S, et al. Long-term effects of elevated CO2 on the population dynamics of the seagrass Cymodocea nodosa: Evidence from volcanic seeps. Mar Pollut Bull. 2021 Jan;162:111824.",2021,10.1016/j.marpolbul.2020.111824,Greece,Milos Island,2,36.6000000,24.5000000,,5.0,bay
33,North east Mediterranean,"Mishra AK, Cabaço S, de Los Santos CB, Apostolaki ET, Vizzini S, et al. Long-term effects of elevated CO2 on the population dynamics of the seagrass Cymodocea nodosa: Evidence from volcanic seeps. Mar Pollut Bull. 2021 Jan;162:111824.",2021,10.1016/j.marpolbul.2020.111824,Greece,Milos Island,2,36.7000000,24.4000000,,5.0,close-bay
48,West Mediterranean,,2021,10.1016/j.marpolbul.2020.111824,Italy,Vulcano Island,1,38.4000000,15.0000000,,5.0,bay
49,South east Mediterranean,,2017,10.1016/j.biopha.2017.02.032,Tunisia,Chebba,0,,,,,
50,West Mediterranean,,2018,10.1016/j.marpolbul.2018.01.013,Italy,Sicily,3,37.282222,15.192778,1.0,10.0,close-bay
50,West Mediterranean,,2018,10.1016/j.marpolbul.2018.01.013,Italy,Sicily,3,36.98,15.260278,1.0,10.0,close-bay
50,West Mediterranean,,2018,10.1016/j.marpolbul.2018.01.013,Italy,Sicily,3,36.7925,15.1025,1.0,10.0,bay
51,,,2019,10.1038/s41598-019-45046-w,,,0,,,,,
34,North east Mediterranean,"Adamakis I-DS, Malea P, Sperdouli I, Panteris E, Kokkinidi D, et al. Evaluation of the spatiotemporal effects of bisphenol A on the leaves of the seagrass Cymodocea nodosa. J Hazard Mater. 2021 Feb 15;404(Pt A):124001.",2021,10.1016/j.jhazmat.2020.124001,Greece,Gulf of Thessaloniki,3,40.406561,22.895661,,0.7,
35,North east Mediterranean,"Papathanasiou V, Orfanidis S, Brown MT. Cymodocea nodosa metrics as bioindicators of anthropogenic stress in N. Aegean, Greek coastal waters. Ecological Indicators. 2016 Apr;63:61–70.",2016,10.1016/j.ecolind.2015.11.059,Greece, Gulf of Kavala,1,40.5,24.2,2,3,semi-encluse bay
36,North east Mediterranean,"Maidanou M, Koulouri P, Arvanitidis C, Koutsoubas D, Dounas C. Macrobenthic assemblage structure associated with a Caulerpa prolifera meadow in the eastern Mediterranean Sea (Elounda Bay, Crete Island). Regional Studies in Marine Science. 2017 Jul;14:1–14.",2017,10.1016/j.rsma.2017.04.004,Greece,Elounda Bay,3,35.265222,25.730694,2,7.8,semi-encluse bay
36,North east Mediterranean,"Maidanou M, Koulouri P, Arvanitidis C, Koutsoubas D, Dounas C. Macrobenthic assemblage structure associated with a Caulerpa prolifera meadow in the eastern Mediterranean Sea (Elounda Bay, Crete Island). Regional Studies in Marine Science. 2017 Jul;14:1–14.",2017,10.1016/j.rsma.2017.04.004,Greece,Elounda Bay,3,35.268361,25.737361,2,8,semi-encluse bay
36,North east Mediterranean,"Maidanou M, Koulouri P, Arvanitidis C, Koutsoubas D, Dounas C. Macrobenthic assemblage structure associated with a Caulerpa prolifera meadow in the eastern Mediterranean Sea (Elounda Bay, Crete Island). Regional Studies in Marine Science. 2017 Jul;14:1–14.",2017,10.1016/j.rsma.2017.04.004,Greece,Elounda Bay,3,35.271778,25.730528,2,8.8,semi-encluse bay
36,North east Mediterranean,"Maidanou M, Koulouri P, Arvanitidis C, Koutsoubas D, Dounas C. Macrobenthic assemblage structure associated with a Caulerpa prolifera meadow in the eastern Mediterranean Sea (Elounda Bay, Crete Island). Regional Studies in Marine Science. 2017 Jul;14:1–14.",2017,10.1016/j.rsma.2017.04.004,Greece,Elounda Bay,3,35.278028,25.726333,2,5.6,semi-encluse bay
36,North east Mediterranean,"Maidanou M, Koulouri P, Arvanitidis C, Koutsoubas D, Dounas C. Macrobenthic assemblage structure associated with a Caulerpa prolifera meadow in the eastern Mediterranean Sea (Elounda Bay, Crete Island). Regional Studies in Marine Science. 2017 Jul;14:1–14.",2017,10.1016/j.rsma.2017.04.004,Greece,Elounda Bay,3,35.278472,25.738583,2,8,semi-encluse bay
36,North east Mediterranean,"Maidanou M, Koulouri P, Arvanitidis C, Koutsoubas D, Dounas C. Macrobenthic assemblage structure associated with a Caulerpa prolifera meadow in the eastern Mediterranean Sea (Elounda Bay, Crete Island). Regional Studies in Marine Science. 2017 Jul;14:1–14.",2017,10.1016/j.rsma.2017.04.004,Greece,Elounda Bay,3,35.282917,25.732306,2,5,semi-encluse bay
55,South east Mediterranean,,2015,10.3109/13813455.2015.1107588,Tunisia,Chebba,0,,,,1.0,
37,North east Mediterranean,"Malea P, Kokkinidi D, Kevrekidou A, Adamakis I-DS. The Enzymatic and Non-Enzymatic Antioxidant System Response of the Seagrass Cymodocea nodosa to Bisphenol-A Toxicity. Int J Mol Sci. 2022 Jan 25;23(3).",2022,10.3390/ijms23031348,Greece,Gulf of Thessaloniki,3,40.406675,22.895336,,,semi-encluse bay
38,North east Mediterranean,"Tsirika A, Haritonidis S. A survey of the benthic flora in the National Marine Park of Zakynthos (Greece). Botanica Marina. 2005 Jan 1;48(1).",2005,10.1515/BOT.2005.002,Greece,Zakynthos,3,37.714444,20.864722,,,
38,North east Mediterranean,"Tsirika A, Haritonidis S. A survey of the benthic flora in the National Marine Park of Zakynthos (Greece). Botanica Marina. 2005 Jan 1;48(1).",2005,10.1515/BOT.2005.002,Greece,Zakynthos,2,37.6525,20.846944,6.0,12.0,bay
38,North east Mediterranean,"Tsirika A, Haritonidis S. A survey of the benthic flora in the National Marine Park of Zakynthos (Greece). Botanica Marina. 2005 Jan 1;48(1).",2005,10.1515/BOT.2005.002,Greece,Zakynthos,2,37.656944,20.857778,4.0,6.0,bay
38,North east Mediterranean,"Tsirika A, Haritonidis S. A survey of the benthic flora in the National Marine Park of Zakynthos (Greece). Botanica Marina. 2005 Jan 1;48(1).",2005,10.1515/BOT.2005.002,Greece,Zakynthos,2,37.683333,20.8725,5.0,6.0,bay
38,North east Mediterranean,"Tsirika A, Haritonidis S. A survey of the benthic flora in the National Marine Park of Zakynthos (Greece). Botanica Marina. 2005 Jan 1;48(1).",2005,10.1515/BOT.2005.002,Greece,Zakynthos,3,37.687778,20.866389,3.0,5.0,bay
38,North east Mediterranean,"Tsirika A, Haritonidis S. A survey of the benthic flora in the National Marine Park of Zakynthos (Greece). Botanica Marina. 2005 Jan 1;48(1).",2005,10.1515/BOT.2005.002,Greece,Zakynthos,3,37.706667,20.947222,2.0,4.0,bay
38,North east Mediterranean,"Tsirika A, Haritonidis S. A survey of the benthic flora in the National Marine Park of Zakynthos (Greece). Botanica Marina. 2005 Jan 1;48(1).",2005,10.1515/BOT.2005.002,Greece,Zakynthos,3,37.704167,20.952222,3.0,8.0,bay
38,North east Mediterranean,"Tsirika A, Haritonidis S. A survey of the benthic flora in the National Marine Park of Zakynthos (Greece). Botanica Marina. 2005 Jan 1;48(1).",2005,10.1515/BOT.2005.002,Greece,Zakynthos,2,37.728056,20.935556,3,7.0,bay
38,North east Mediterranean,"Tsirika A, Haritonidis S. A survey of the benthic flora in the National Marine Park of Zakynthos (Greece). Botanica Marina. 2005 Jan 1;48(1).",2005,10.1515/BOT.2005.002,Greece,Zakynthos,3,37.724444,20.939722,3.0,5.0,bay
39,North east Mediterranean,"Tsioli S, Koutalianou M, Gkafas GA, Exadactylos A, Papathanasiou V, et al. Responses of the Mediterranean seagrass Cymodocea nodosa to combined temperature and salinity stress at the ionomic, transcriptomic, ultrastructural and photosynthetic levels. Mar Environ Res. 2022 Mar;175:105512.",2022,10.1016/j.marenvres.2021.105512,Greece, Gulf of Kavala,3,40.8270920,24.3191060,0.8,3.0,close-bay
39,North east Mediterranean,"Tsioli S, Koutalianou M, Gkafas GA, Exadactylos A, Papathanasiou V, et al. Responses of the Mediterranean seagrass Cymodocea nodosa to combined temperature and salinity stress at the ionomic, transcriptomic, ultrastructural and photosynthetic levels. Mar Environ Res. 2022 Mar;175:105512.",2022,10.1016/j.marenvres.2021.105512,Greece,Evoikos Gulf,3,38.4000000,23.6666670,0.8,3.0,close-bay
40,North east Mediterranean,"Malea P, Kokkinidi D, Kevrekidou A, Adamakis I-DS. Environmentally relevant bisphenol A concentrations effects on the seagrass Cymodocea nodosa different parts elongation: perceptive assessors of toxicity. Environ Sci Pollut Res Int. 2020 Mar;27(7):7267–79.",2020,10.1007/s11356-019-07443-6,Greece,Gulf of Thessaloniki,3,40.406675,22.895336,,1.0,bay
60,West Mediterranean,,2021,10.5004/dwt.2021.26916,Cyprus,,0,,,,,
41,North east Mediterranean,"Moustakas M, Malea P, Haritonidou K, Sperdouli I. Copper bioaccumulation, photosystem II functioning, and oxidative stress in the seagrass Cymodocea nodosa exposed to copper oxide nanoparticles. Environ Sci Pollut Res Int. 2017 Jul;24(19):16007–18.",2017,10.1007/s11356-017-9174-3,Greece,Gulf of Thessaloniki,2,40.5500000,22.9666670,0.7,1.0,bay
42,North east Mediterranean,"de Kock W, Hasler-Sheetal H, Holmer M, Tsapakis M, Apostolaki ET. Metabolomics and traditional indicators unveil stress of a seagrass (Cymodocea nodosa) meadow at intermediate distance from a fish farm. Ecological Indicators. 2020 Feb;109:105765.",2020,10.1016/j.ecolind.2019.105765,Greece,Peloponnese,3,37.4522220,23.0722220,,8.0,bay
43,East Mediterranean,"Mutlu E, Olguner C. Density-depended Acoustical Identification of Two Common Seaweeds (Posidonia Oceanica and Cymodocea Nodosa) in the Mediterranean Sea. Thalassas. 2023 Mar 11;(39) 1155–1167.",2023,10.1007/s41208-023-00533-w,Turkey,Antalya,1,36.6,31.4,,,
43,East Mediterranean,"Mutlu E, Olguner C. Density-depended Acoustical Identification of Two Common Seaweeds (Posidonia Oceanica and Cymodocea Nodosa) in the Mediterranean Sea. Thalassas. 2023 Mar 11;(39) 1155–1167.",2023,10.1007/s41208-023-00533-w,Turkey,Kas,1,36.2,29.6,,,
43,East Mediterranean,"Mutlu E, Olguner C. Density-depended Acoustical Identification of Two Common Seaweeds (Posidonia Oceanica and Cymodocea Nodosa) in the Mediterranean Sea. Thalassas. 2023 Mar 11;(39) 1155–1167.",2023,10.1007/s41208-023-00533-w,Turkey,Kekova,1,36.1,29.9,,,
43,East Mediterranean,"Mutlu E, Olguner C. Density-depended Acoustical Identification of Two Common Seaweeds (Posidonia Oceanica and Cymodocea Nodosa) in the Mediterranean Sea. Thalassas. 2023 Mar 11;(39) 1155–1167.",2023,10.1007/s41208-023-00533-w,Turkey,Finike,1,36.15,30.3,,,
44,North east Mediterranean,"Papathanasiou V, Kariofillidou G, Malea P, Orfanidis S. Effects of air exposure on desiccation and photosynthetic performance of Cymodocea nodosa with and without epiphytes and Ulva rigida in comparison, under laboratory conditions. Mar Environ Res. 2020 Jun;158:104948.",2020,10.1016/j.marenvres.2020.104948,Greece,Eleftheron Bay,3,40.8505890,24.3162280,,,close-bay
45,North east Mediterranean,"Moustakas M, Malea P, Zafeirakoglou A, Sperdouli I. Photochemical changes and oxidative damage in the aquatic macrophyte Cymodocea nodosa exposed to paraquat-induced oxidative stress. Pestic Biochem Physiol. 2016 Jan;126:28–34.",2016,10.1016/j.pestbp.2015.07.003,Greece,Gulf of Thessaloniki,2,40.5500000,22.9666670,0.7,1.0,bay
66,North east Mediterranean,,2017,10.1016/j.marpolbul.2017.12.009,Greece, Gulf of Kavala,0,,,2.0,4.0,
66,North east Mediterranean,,2017,10.1016/j.marpolbul.2017.12.009,Greece, Gulf of Kavala,0,,,0.4,5.0,
46,North east Mediterranean,"Malea P, Adamakis I-DS, Kevrekidis T. Kinetics of cadmium accumulation and its effects on microtubule integrity and cell viability in the seagrass Cymodocea nodosa. Aquat Toxicol. 2013 Nov 15;144–145:257–64.",2013,10.1016/j.aquatox.2013.10.017,Greece,Gulf of Thessaloniki,2,40.5500000,22.9666670,0.4,2,bay
47,North east Mediterranean,"Malea P, Adamakis I-DS, Kevrekidis T. Effects of lead uptake on microtubule cytoskeleton organization and cell viability in the seagrass Cymodocea nodosa. Ecotoxicol Environ Saf. 2014 Jun;104:175–81.",2014,10.1016/j.ecoenv.2014.03.005,Greece,Gulf of Thessaloniki,2,40.5500000,22.9666670,0.4,2,bay
48,North east Mediterranean,"Brodersen MM, Pantazi M, Kokkali A, Panayotidis P, Gerakaris V, et al. Cumulative impacts from multiple human activities on seagrass meadows in eastern Mediterranean waters: the case of Saronikos Gulf (Aegean Sea, Greece). Environ Sci Pollut Res Int. 2018 Sep;25(27):26809–22.",2018,10.1007/s11356-017-0848-7,Greece,Saronikos Gulf,1,37.833333,23.340833,,,bay
70,West Mediterranean,,2019,10.1016/j.marenvres.2019.104810,Italy,Vulcano,2,38.4,15,0,1,bay
49,North east Mediterranean,"Mishra AK, Santos R, Hall-Spencer JM. Elevated trace elements in sediments and seagrasses at CO2 seeps. Mar Environ Res. 2019 Oct 8;104810.",2019,10.1016/j.marenvres.2019.104810,Greece,Milos Islands,2,36.7,24.4,,2,bay
50,North east Mediterranean,"Mishra AK, Santos R, Hall-Spencer JM. Elevated trace elements in sediments and seagrasses at CO2 seeps. Mar Environ Res. 2019 Oct 8;104810.",2019,10.1016/j.marenvres.2019.104810,Greece,Milos Islands,1,36.6,24.5,,4,
51,North east Mediterranean,"Malea P, Kevrekidis T. Trace element (Al, As, B, Ba, Cr, Mo, Ni, Se, Sr, Tl, U and V) distribution and seasonality in compartments of the seagrass Cymodocea nodosa. Sci Total Environ. 2013 Oct 1;463–464:611–23.",2013,10.1016/j.scitotenv.2013.06.074,Greece,Gulf of Thessaloniki,2,40.55,22.966667,0.4,2,bay
72,North east Mediterranean,,1998,10.1016/S0025-326X(97)00195-1,Greece,Evoikos  Gulf,0,,,,0.7,
73,West Mediterranean,,2022,10.12681/mms.28238,Morocco,Al Hoceima National Park,1,35.14,-4,,,open shore
73,West Mediterranean,,2022,10.12681/mms.28239,Morocco,Al Hoceima National Park,1,35.9,-4.2,9,15,open shore
74,West Mediterranean,,2006,10.1007/s10750-005-1308-9,Spain,"Genoveses beach,  Natural Park of Cabo de Gata",2,36.7358330,-2.1000000,10.0,14.0,bay
52,South east Mediterranean,"Hachani MA, Ziadi B, Langar H, Sami DA, Turki S, et al. The mapping of the  Posidonia oceanica  (L.) Delile barrier reef meadow in the southeastern Gulf of Tunis (Tunisia). Journal of African Earth Sciences. 2016 Sep;121:358–64.",2016,10.1016/j.jafrearsci.2016.05.030,Tunisia,Gulf of Tunis,3,36.7680140,10.5481470,,,bay
53,North east Mediterranean,Malea P. Bioaccumulation of Aluminium in the Seagrasses Cymodocea nodosa (Ucria) Aschers. and Posidonia oceanica (L.) Delile and in Macroalgae of the Gulf of Antikyra (Greece). Botanica Marina. 1993;36(5).,1993,10.1515/botm.1993.36.5.423,Greece,Gulf of Antikyra ,1,38.3500000,22.6500000,1.4,,semi-encluse bay
54,North east Mediterranean,"Traganos D, Reinartz P. Interannual change detection of mediterranean seagrasses using rapideye image time series. Front Plant Sci. 2018 Feb 6;9:96.",2018,10.3389/fpls.2018.00096,Greece,"Thermaikos Gulf,",1,40.2666670,23.1333330,0.8,16.0,bay
54,North east Mediterranean,"Christia C, Giordani G, Papastergiadou E. Environmental variability and macrophyte assemblages in coastal lagoon types of western greece (mediterranean sea). Water (Basel). 2018 Feb 3;10(2):151.",2018,10.3390/w10020151,Greece,Amvarkikos gulf,2,38.3333330,21.4666670,1.0,3.0,lagoon
54,North east Mediterranean,"Christia C, Giordani G, Papastergiadou E. Environmental variability and macrophyte assemblages in coastal lagoon types of western greece (mediterranean sea). Water (Basel). 2018 Feb 3;10(2):151.",2018,10.3390/w10020151,Greece,Araxos,2,38.2000000,21.4000000,1.0,3.0,lagoon
55,South east Mediterranean,"Karaa S, BradaiM.N, Jribi I, Bouain A. The occurrence of the green sea turtl e Chelonia mydas, in the Gulf of Gabes (Tunisia). Vie et Milieu. 2012 Dec 1;62 (4): 1-6.",2012,"The occurrence of the green sea turtl e Chelonia mydas, in the Gulf of Gabes (Tunisia)",Tunisia, Gulf of Gabes ,1,34.2500000,10.2500000,,,bay
56,North east Mediterranean,"Vizzini S, Apostolaki ET, Ricevuto E, Polymenakou P, Mazzola A. Plant and sediment properties in seagrass meadows from two Mediterranean CO2 vents: Implications for carbon storage capacity of acidified oceans. Mar Environ Res. 2019 Apr;146:101–8.",2019,10.1016/j.marenvres.2019.03.001,Greece,Milos Islands,1,36.6666670,24.5500000,,,bay
80,West Mediterranean,,2019,10.1016/j.marenvres.2019.03.001,Italy,vulcano,3,38.4174870,14.9599919,,,bay
81,South east Mediterranean,,2010,10.1093/mollus/eyq023,Tunisia,Gulfs of Hammamet,0,,,,,
82,,,,"VARIABILITY OF CYMODOCEA NODOSA AND ZOSTERA NOLTII: MORPHOLOGICAL, STRUCTURAL AND DYNAMIC PARAMETERS",,,,,,,,
83,Atlantic ,,2001,10.1016/S0011-9164(01)00320-4,Spain,Gran Canaria,2,27.762167,-15.547833,,10.0,open shore
57,East Mediterranean,"Apostolaki ET, Holmer M, Santinelli V, Karakassis I. Species-specific response to sulfide intrusion in native and exotic Mediterranean seagrasses under stress. Mar Environ Res. 2018 Mar;134:85–95.",2018,10.1016/j.marenvres.2017.12.006,Greece,Crete Island,3,35.565556,24.08,4.0,,bay
57,East Mediterranean,"Apostolaki ET, Holmer M, Santinelli V, Karakassis I. Species-specific response to sulfide intrusion in native and exotic Mediterranean seagrasses under stress. Mar Environ Res. 2018 Mar;134:85–95.",2018,10.1016/j.marenvres.2017.12.006,Greece,Crete Island,3,35.471389,24.148611,4.0,,bay
57,East Mediterranean,"Apostolaki ET, Holmer M, Santinelli V, Karakassis I. Species-specific response to sulfide intrusion in native and exotic Mediterranean seagrasses under stress. Mar Environ Res. 2018 Mar;134:85–95.",2018,10.1016/j.marenvres.2017.12.006,Greece,Crete Island,3,35.212222,26.270833,4.0,,bay
57,East Mediterranean,"Apostolaki ET, Holmer M, Santinelli V, Karakassis I. Species-specific response to sulfide intrusion in native and exotic Mediterranean seagrasses under stress. Mar Environ Res. 2018 Mar;134:85–95.",2018,10.1016/j.marenvres.2017.12.006,Greece,Crete Island,3,34.928333,24.913056,4.0,,bay
57,East Mediterranean,"Apostolaki ET, Holmer M, Santinelli V, Karakassis I. Species-specific response to sulfide intrusion in native and exotic Mediterranean seagrasses under stress. Mar Environ Res. 2018 Mar;134:85–95.",2018,10.1016/j.marenvres.2017.12.006,Greece,Crete Island,3,35.338889,25.278056,4.0,,bay
57,East Mediterranean,"Apostolaki ET, Holmer M, Santinelli V, Karakassis I. Species-specific response to sulfide intrusion in native and exotic Mediterranean seagrasses under stress. Mar Environ Res. 2018 Mar;134:85–95.",2018,10.1016/j.marenvres.2017.12.006,Greece,Crete Island,3,35.296389,25.736389,4.0,,bay
85,West Mediterranean,,2021,10.1007/s00248-021-01867-9,Italy,vulcano,1,38.416667,14.95,,,bay
58,North east Mediterranean,"Orfanidis S, Pinna M, Sabetta L, Stamatis N, Nakou K. Variation of structural and functional metrics in macrophyte communities within two habitats of eastern Mediterranean coastal lagoons: natural versus human effects. Aquatic Conserv: Mar Freshw Ecosyst. 2008 Aug 19;18(S1):S45–61.",2008,10.1002/aqc.957,Greece,Nestos Delta lagoons,1,40.55,24.4,,,lagoon
86,West Mediterranean,,2008,10.1002/aqc.957,Italy,Cesine,1,40.21,18.23,,0.8,lagoon
86,West Mediterranean,,2008,10.1002/aqc.958,Italy,Margherita of Savoia,1,41.2400000,16.0400000,,2.5,salt marsh
87,all med,,2011,,,,0,,,,,
59,North east Mediterranean,"Malea P, Charitonidou K, Sperdouli I, Mylona Z, Moustakas M. Zinc Uptake, Photosynthetic Efficiency and Oxidative Stress in the Seagrass Cymodocea nodosa Exposed to ZnO Nanoparticles. Materials (Basel). 2019 Jun 29;12(13).",2019,10.3390/ma1213210,Greece,Al Hoceima National Park,2,40.55,22.966667,0.7,1.0,bay
60,South east Mediterranean,"Ben Brahim M, Mabrouk L, Hamza A, Mahfoudhi M, Bouain A, et al. Spatial scale variability in shoot density and epiphytic leaves ofPosidonia oceanica on Kerkennah Island (Tunisia) in relation to current tide effects. Marine Ecology. 2015 Dec;36(4):1311–31.",2015,10.1111/maec.12231,Tunisia,Ras El Besch,3,34.6877780,11.3105560,,2.0,lagoon
90,West Mediterranean,,2003,10.1081/ese-120021470,Italy,Ischia,0,,,,4.0,lagoon
90,Atlantic ,,2003,10.1081/ese-120021471,Mauritan,Arguin,0,,,,1.0,lagoon
90,West Mediterranean,,2003,10.1081/ese-120021472,France,Antibes,0,,,,2.0,lagoon
90,West Mediterranean,,2003,10.1081/ese-120021473,France,Diane lagoo,0,,,0.5,5.3,lagoon
90,West Mediterranean,,2003,10.1081/ese-120021474,Spain,Mar Menor,0,,,,0.5,lagoon
90,West Mediterranean,,2003,10.1081/ese-120021475,Spain,Ebre,0,,,,3.0,lagoon
90,Atlantic ,,2003,10.1081/ese-120021476,Spain,Canaries,0,,,,6.0,lagoon
90,West Mediterranean,,2003,10.1081/ese-120021477,Italy,Venice lagoon,0,,,0.6,1.0,lagoon
,,,,MOLLUSCS ASSOCIATED WITH INTERTIDAL ZOSTERA NOLTEI HORNEMANN BEDS IN SOUTHERN TUNISIA (CENTRAL MEDITERRANEAN): SEASONAL DYNAMICS AND ENVIRONMENTAL DRIVERS,,,,,,,,
92,North east Mediterranean,,1997,,Greece,Gulf of Thessaloniki,0,,,,0.5,bay
61,North east Mediterranean,"Fakiris E, Blondel P, Papatheodorou G, Christodoulou D, Dimas X, et al. Multi-Frequency, Multi-Sonar Mapping of Shallow Habitats—Efficacy and Management Implications in the National Marine Park of Zakynthos, Greece. Remote Sens (Basel). 2019 Feb 23;11(4):461.",2019,10.3390/rs11040461,Greece,Zakynthos,2,37.722222,20.888889,15.0,25.0,bay
62,North east Mediterranean,"Wesselmann M, Geraldi NR, Duarte CM, Garcia-Orellana J, Díaz-Rúa R, et al. Seagrass (Halophila stipulacea) invasion enhances carbon sequestration in the Mediterranean Sea. Glob Chang Biol. 2021 Jun;27(11):2592–607.",2021,10.1111/gcb.15589,Greece,Kalami,3,35.47002,24.13631,,7.0,close bay
62,North east Mediterranean,"Wesselmann M, Geraldi NR, Duarte CM, Garcia-Orellana J, Díaz-Rúa R, et al. Seagrass (Halophila stipulacea) invasion enhances carbon sequestration in the Mediterranean Sea. Glob Chang Biol. 2021 Jun;27(11):2592–607.",2021,10.1111/gcb.15589,Greece,Maridati,3,35.22161,26.27372,,5.5,bay
62,East Mediterranean,"Wesselmann M, Geraldi NR, Duarte CM, Garcia-Orellana J, Díaz-Rúa R, et al. Seagrass (Halophila stipulacea) invasion enhances carbon sequestration in the Mediterranean Sea. Glob Chang Biol. 2021 Jun;27(11):2592–607.",2021,10.1111/gcb.15589,Cyprus,Limassol,3,34.7069,33.12335,,3.5,protected shore
62,East Mediterranean,"Wesselmann M, Geraldi NR, Duarte CM, Garcia-Orellana J, Díaz-Rúa R, et al. Seagrass (Halophila stipulacea) invasion enhances carbon sequestration in the Mediterranean Sea. Glob Chang Biol. 2021 Jun;27(11):2592–607.",2021,10.1111/gcb.15589,Cyprus,Limassol,3,34.709,33.13599,,3.5,protected shore
96,West Mediterranean,,2021,10.12681/mms.26314,Italy,Castello,3,40.731447,13.966089,,2.0,close bay
63,South east Mediterranean,"Jelassi R, Nasri-Ammar K. Temporal variation in the shore amphipod community in the supralittoral zone of Bizerte Lagoon (northern Tunisia). Crustaceana. 2012;85(4–5):433–46.",2012,10.1163/156854012X636706,Tunisia,Bizerte Lagoon,2,37.302222,9.916944,1.4,4.8,semi-enclosed lagoon
98,North east Mediterranean,,2022,10.1515/bot-2022-0011,Greece,,0,,,,,
64,South east Mediterranean,"Ben Gharbia H, Laabir M, Ben Mhamed A, Gueroun SKM, Daly Yahia MN, et al. Occurrence of epibenthic dinoflagellates in relation to biotic substrates and to environmental factors in Southern Mediterranean (Bizerte Bay and Lagoon, Tunisia): An emphasis on the harmful Ostreopsis spp., Prorocentrum lima and Coolia monotis. Harmful Algae. 2019 Dec;90:101704.",2019,10.1016/j.hal.2019.101704,Tunisia,Bizerte bay,3,37.268611,9.882778,0.5,1,semi-encluse bay
64,South east Mediterranean,"Ben Gharbia H, Laabir M, Ben Mhamed A, Gueroun SKM, Daly Yahia MN, et al. Occurrence of epibenthic dinoflagellates in relation to biotic substrates and to environmental factors in Southern Mediterranean (Bizerte Bay and Lagoon, Tunisia): An emphasis on the harmful Ostreopsis spp., Prorocentrum lima and Coolia monotis. Harmful Algae. 2019 Dec;90:101704.",2019,10.1016/j.hal.2019.101704,Tunisia,Bizerte bay,3,37.231944,9.860833,0.5,1,semi-enclosed lagoon
64,South east Mediterranean,"Ben Gharbia H, Laabir M, Ben Mhamed A, Gueroun SKM, Daly Yahia MN, et al. Occurrence of epibenthic dinoflagellates in relation to biotic substrates and to environmental factors in Southern Mediterranean (Bizerte Bay and Lagoon, Tunisia): An emphasis on the harmful Ostreopsis spp., Prorocentrum lima and Coolia monotis. Harmful Algae. 2019 Dec;90:101704.",2019,10.1016/j.hal.2019.101704,Tunisia,Bizerte bay,3,37.223333,9.933333,0.5,1,semi-enclosed lagoon
64,South east Mediterranean,"Ben Gharbia H, Laabir M, Ben Mhamed A, Gueroun SKM, Daly Yahia MN, et al. Occurrence of epibenthic dinoflagellates in relation to biotic substrates and to environmental factors in Southern Mediterranean (Bizerte Bay and Lagoon, Tunisia): An emphasis on the harmful Ostreopsis spp., Prorocentrum lima and Coolia monotis. Harmful Algae. 2019 Dec;90:101704.",2019,10.1016/j.hal.2019.101704,Tunisia,Bizerte bay,3,37.175,9.788056,0.5,1,semi-enclosed lagoon
65,North east Mediterranean,"Fakiris E, Giannakopoulos V, Leftheriotis G, Dimas A, Papatheodorou G. Predictive Mapping of Mediterranean Seagrasses-Exploring the Influence of Seafloor Light and Wave Energy on Their Fine-Scale Spatial Variability. Remote Sens (Basel). 2023 Jun 5;15(11):2943.",2023,10.3390/rs15112943,Greece,Zakynthos,2,37.716667,20.9,15,20,bay
101,East Mediterranean,,2022,10.3390/d14070549,Cyprus,Limassol,0,,,,,
66,North east Mediterranean,"Conte C, Apostolaki ET, Vizzini S, Migliore L. A Tight Interaction between the Native Seagrass Cymodocea nodosa and the Exotic Halophila stipulacea in the Aegean Sea Highlights Seagrass Holobiont Variations. Plants. 2023 Jan 11;12(2).",2023,10.3390/plants12020350,Greece,Kalami,2,35.468889,24.149444,,7,semi-encluse bay
66,North east Mediterranean,"Conte C, Apostolaki ET, Vizzini S, Migliore L. A Tight Interaction between the Native Seagrass Cymodocea nodosa and the Exotic Halophila stipulacea in the Aegean Sea Highlights Seagrass Holobiont Variations. Plants. 2023 Jan 11;12(2).",2023,10.3390/plants12020350,Greece,Monoaftis bay,3,35.416389,25.02,,14,semi-encluse bay
67,South east Mediterranean,"Trabelsi R, Elloumi J, Hamza A, Ayadi N, Zghal I, et al. Variability of foraminifera associations in seagrass ecosystems in shallow water during winter (Kerkennah – Southern Tunisian coasts). J Mar Biol Ass. 2018 Dec;98(8):1945–54.",2018,10.1017/S0025315417001667,Tunisia,Kerkennah,3,34.625556,11.021389,,1.8,bay
68,East Mediterranean,"Baris H. O, Panayotis O, Mehmet C. Occurrence of Two Non-indigenous Alien Sea Slugs, Bursatella leachii (Blainville, 1817) and Melibe viridis (Kelaart, 1858) (Gastropoda: Heterobranchia), from the Canakkale Strait, Turkish Straits System. Acta Zool Bulg. 2022 Dec 31;73(4):629–32.",2022,"Occurrence of Two Non-indigenous Alien Sea Slugs, Bursatella leachii (Blainville, 1817) and Melibe viridis (Kelaart, 1858) (Gastropoda: Heterobranchia), from the Canakkale Strait, Turkish Straits System",Turkey,Dardanos,3,40.09,26.30722,4,6,semi-encluse bay
68,East Mediterranean,"Baris H. O, Panayotis O, Mehmet C. Occurrence of Two Non-indigenous Alien Sea Slugs, Bursatella leachii (Blainville, 1817) and Melibe viridis (Kelaart, 1858) (Gastropoda: Heterobranchia), from the Canakkale Strait, Turkish Straits System. Acta Zool Bulg. 2022 Dec 31;73(4):629–32.",2022,"Occurrence of Two Non-indigenous Alien Sea Slugs, Bursatella leachii (Blainville, 1817) and Melibe viridis (Kelaart, 1858) (Gastropoda: Heterobranchia), from the Canakkale Strait, Turkish Straits System",Turkey,Dardanos,3,40.09,26.30722,,3,semi-encluse bay
105,East Mediterranean,,2021,10.1016/j.porgcoat.2021.106354,Egypt,"Abu Qir Bay,",0,,,,,
106,West Mediterranean,,2006,,Italy,Sicily,3,37.00374945,15.31383534,,21,semi-encluse bay
69,East Mediterranean,"Chiquillo KL, Barber PH, Vasquez MI, Cruz‐Rivera E, Willette DA, Winters G, et al. An invasive seagrass drives its own success in two invaded seas by both negatively affecting native seagrasses and benefiting from those costs. Oikos. 2022 Nov 25;e09403.",2022,10.1111/oik.09403,Cyprus,Limassol,3,34.7055560,33.1233330,3.0,5.0,protected shore
108,East Mediterranean,,2009,10.3354/ab00204,Greece,Crete,0,,,0.5,,
109,West Mediterranean,,1999,10.1515/BOT.1999.018,spain,Valencia,1,39.5,0,,,
70,South east Mediterranean,"Ben Gharbia H, Kéfi-Daly Yahia O, Cecchi P, Masseret E, Amzil Z et al. New insights on the species-specific allelopathic interactions between macrophytes and marine HAB dinoflagellates. PLoS ONE. 2017 Nov 17;12(11):e0187963.",2017,10.1371/journal.pone.0187963,Tunisia,Bizerte Lagoon,2,37.2222220,9.9166670,,,
111,,,ISBN: 978-605-85652-3-4,Ecological and Population Dynamics of Seagrasses in Antalya Gulf,,,,,,,,
112,North east Mediterranean,,2010,10.1002/aqc.1069,Greece, Gulf of Kavala,0,,,,,semi-encluse bay
112,North east Mediterranean,,2010,10.1002/aqc.1069,Greece,Gulf of Thessaloniki,0,,,,,
71,North east Mediterranean,"Bchir R, Sami Djellouli A, Zitouna N, Aurelle D, Pergent G, et al. Morphology and genetic studies of cymodocea seagrass genus in tunisian coasts. Phyton (Buenos Aires). 2019;88(2):171–84.",2009,10.1016/j.hal.2008.07.002,Greece,North Aegean continental,1,41,24.5,0.5,1.5,
114,West Mediterranean,,2000,10.1006/jmsc.2000.0913,Italy,Lazzaro  basin,1,44,9,5.0,11.0,protectd bay
115,West Mediterranean,,2011,10.5004/dwt.2011.2361,Spain,Playa de la Almadraba,0,,,,2.0,
72,South east Mediterranean,"Bchir R, Sami Djellouli A, Zitouna N, Aurelle D, Pergent G, et al. Morphology and genetic studies of cymodocea seagrass genus in tunisian coasts. Phyton (Buenos Aires). 2019;88(2):171–84.",2019,10.32604/phyton.2019.05261,Tunisia,Monastir,3,35.7800390,10.7855170,0.5,1.0,protectd bay
72,South east Mediterranean,"Bchir R, Sami Djellouli A, Zitouna N, Aurelle D, Pergent G, et al. Morphology and genetic studies of cymodocea seagrass genus in tunisian coasts. Phyton (Buenos Aires). 2019;88(2):171–84.",2019,10.32604/phyton.2019.05261,Tunisia,Monastir,3,35.7458360,10.8303030,0.5,1.0,lagoon
72,South east Mediterranean,"Bchir R, Sami Djellouli A, Zitouna N, Aurelle D, Pergent G, et al. Morphology and genetic studies of cymodocea seagrass genus in tunisian coasts. Phyton (Buenos Aires). 2019;88(2):171–84.",2019,10.32604/phyton.2019.05261,Tunisia,El bibane  ,3,33.2774330,11.2920360,0.5,1.0,lagoon
72,South east Mediterranean,"Bchir R, Sami Djellouli A, Zitouna N, Aurelle D, Pergent G, et al. Morphology and genetic studies of cymodocea seagrass genus in tunisian coasts. Phyton (Buenos Aires). 2019;88(2):171–84.",2019,10.32604/phyton.2019.05261,Tunisia,El bibane  ,3,33.209011,11.212403,0.5,1.0,lagoon
73,North east Mediterranean,"Gerakaris V, Varkitzi I, Orlando-Bonaca M, Kikaki K, Mozetič P, et al. Benthic-Pelagic Coupling of Marine Primary Producers Under Different Natural and Human-Induced Pressures’ Regimes. Front Mar Sci. 2022 Jun 13;9.",2022,10.3389/fmars.2022.909927,Greece,,1,39.1168237,26.4743203,,,
73,North east Mediterranean,"Gerakaris V, Varkitzi I, Orlando-Bonaca M, Kikaki K, Mozetič P, et al. Benthic-Pelagic Coupling of Marine Primary Producers Under Different Natural and Human-Induced Pressures’ Regimes. Front Mar Sci. 2022 Jun 13;9.",2022,10.3389/fmars.2022.909927,Greece,,1,38.1654883,25.2829721,,,
73,North east Mediterranean,"Gerakaris V, Varkitzi I, Orlando-Bonaca M, Kikaki K, Mozetič P, et al. Benthic-Pelagic Coupling of Marine Primary Producers Under Different Natural and Human-Induced Pressures’ Regimes. Front Mar Sci. 2022 Jun 13;9.",2022,10.3389/fmars.2022.909927,Greece,,1,40.5357386,23.9088799,,,
73,North east Mediterranean,"Gerakaris V, Varkitzi I, Orlando-Bonaca M, Kikaki K, Mozetič P, et al. Benthic-Pelagic Coupling of Marine Primary Producers Under Different Natural and Human-Induced Pressures’ Regimes. Front Mar Sci. 2022 Jun 13;9.",2022,10.3389/fmars.2022.909927,Greece,,1,40.5818469,22.9346734,,,
73,North east Mediterranean,"Gerakaris V, Varkitzi I, Orlando-Bonaca M, Kikaki K, Mozetič P, et al. Benthic-Pelagic Coupling of Marine Primary Producers Under Different Natural and Human-Induced Pressures’ Regimes. Front Mar Sci. 2022 Jun 13;9.",2022,10.3389/fmars.2022.909927,Greece,,1,39.3136352,23.0162175,,,
73,North east Mediterranean,"Gerakaris V, Varkitzi I, Orlando-Bonaca M, Kikaki K, Mozetič P, et al. Benthic-Pelagic Coupling of Marine Primary Producers Under Different Natural and Human-Induced Pressures’ Regimes. Front Mar Sci. 2022 Jun 13;9.",2022,10.3389/fmars.2022.909927,Greece,,1,38.8832182,22.6094881,,,
73,North east Mediterranean,"Gerakaris V, Varkitzi I, Orlando-Bonaca M, Kikaki K, Mozetič P, et al. Benthic-Pelagic Coupling of Marine Primary Producers Under Different Natural and Human-Induced Pressures’ Regimes. Front Mar Sci. 2022 Jun 13;9.",2022,10.3389/fmars.2022.909927,Greece,,1,38.5291635,23.4099625,,,
73,North east Mediterranean,"Gerakaris V, Varkitzi I, Orlando-Bonaca M, Kikaki K, Mozetič P, et al. Benthic-Pelagic Coupling of Marine Primary Producers Under Different Natural and Human-Induced Pressures’ Regimes. Front Mar Sci. 2022 Jun 13;9.",2022,10.3389/fmars.2022.909927,Greece,,1,38.3343749,23.9188189,,,
73,North east Mediterranean,"Gerakaris V, Varkitzi I, Orlando-Bonaca M, Kikaki K, Mozetič P, et al. Benthic-Pelagic Coupling of Marine Primary Producers Under Different Natural and Human-Induced Pressures’ Regimes. Front Mar Sci. 2022 Jun 13;9.",2022,10.3389/fmars.2022.909927,Greece,,1,37.9869389,24.0261313,,,
73,North east Mediterranean,"Gerakaris V, Varkitzi I, Orlando-Bonaca M, Kikaki K, Mozetič P, et al. Benthic-Pelagic Coupling of Marine Primary Producers Under Different Natural and Human-Induced Pressures’ Regimes. Front Mar Sci. 2022 Jun 13;9.",2022,10.3389/fmars.2022.909927,Greece,,1,37.6596669,23.9953017,,,
73,North east Mediterranean,"Gerakaris V, Varkitzi I, Orlando-Bonaca M, Kikaki K, Mozetič P, et al. Benthic-Pelagic Coupling of Marine Primary Producers Under Different Natural and Human-Induced Pressures’ Regimes. Front Mar Sci. 2022 Jun 13;9.",2022,10.3389/fmars.2022.909927,Greece,,1,37.7973431,23.8342013,,,
73,North east Mediterranean,"Gerakaris V, Varkitzi I, Orlando-Bonaca M, Kikaki K, Mozetič P, et al. Benthic-Pelagic Coupling of Marine Primary Producers Under Different Natural and Human-Induced Pressures’ Regimes. Front Mar Sci. 2022 Jun 13;9.",2022,10.3389/fmars.2022.909927,Greece,,1,37.9350132,23.6547859,,,
73,North east Mediterranean,"Gerakaris V, Varkitzi I, Orlando-Bonaca M, Kikaki K, Mozetič P, et al. Benthic-Pelagic Coupling of Marine Primary Producers Under Different Natural and Human-Induced Pressures’ Regimes. Front Mar Sci. 2022 Jun 13;9.",2022,10.3389/fmars.2022.909927,Greece,,1,37.6783175,23.3129886,,,
73,North east Mediterranean,"Gerakaris V, Varkitzi I, Orlando-Bonaca M, Kikaki K, Mozetič P, et al. Benthic-Pelagic Coupling of Marine Primary Producers Under Different Natural and Human-Induced Pressures’ Regimes. Front Mar Sci. 2022 Jun 13;9.",2022,10.3389/fmars.2022.909927,Greece,,1,37.5432701,22.8177161,,,
73,North east Mediterranean,"Gerakaris V, Varkitzi I, Orlando-Bonaca M, Kikaki K, Mozetič P, et al. Benthic-Pelagic Coupling of Marine Primary Producers Under Different Natural and Human-Induced Pressures’ Regimes. Front Mar Sci. 2022 Jun 13;9.",2022,10.3389/fmars.2022.909927,Greece,,1,36.7893328,22.5933646,,,
73,North east Mediterranean,"Gerakaris V, Varkitzi I, Orlando-Bonaca M, Kikaki K, Mozetič P, et al. Benthic-Pelagic Coupling of Marine Primary Producers Under Different Natural and Human-Induced Pressures’ Regimes. Front Mar Sci. 2022 Jun 13;9.",2022,10.3389/fmars.2022.909927,Greece,,1,36.9886883,21.9566958,,,
73,North east Mediterranean,"Gerakaris V, Varkitzi I, Orlando-Bonaca M, Kikaki K, Mozetič P, et al. Benthic-Pelagic Coupling of Marine Primary Producers Under Different Natural and Human-Induced Pressures’ Regimes. Front Mar Sci. 2022 Jun 13;9.",2022,10.3389/fmars.2022.909927,Greece,,1,37.9591267,22.9418083,,,
73,North east Mediterranean,"Gerakaris V, Varkitzi I, Orlando-Bonaca M, Kikaki K, Mozetič P, et al. Benthic-Pelagic Coupling of Marine Primary Producers Under Different Natural and Human-Induced Pressures’ Regimes. Front Mar Sci. 2022 Jun 13;9.",2022,10.3389/fmars.2022.909927,Greece,,1,38.3845239,22.6538376,,,
73,North east Mediterranean,"Gerakaris V, Varkitzi I, Orlando-Bonaca M, Kikaki K, Mozetič P, et al. Benthic-Pelagic Coupling of Marine Primary Producers Under Different Natural and Human-Induced Pressures’ Regimes. Front Mar Sci. 2022 Jun 13;9.",2022,10.3389/fmars.2022.909927,Greece,,1,38.2012929,22.1765201,,,
73,North east Mediterranean,"Gerakaris V, Varkitzi I, Orlando-Bonaca M, Kikaki K, Mozetič P, et al. Benthic-Pelagic Coupling of Marine Primary Producers Under Different Natural and Human-Induced Pressures’ Regimes. Front Mar Sci. 2022 Jun 13;9.",2022,10.3389/fmars.2022.909927,Greece,,1,38.1913090,21.6868449,,,
73,North east Mediterranean,"Gerakaris V, Varkitzi I, Orlando-Bonaca M, Kikaki K, Mozetič P, et al. Benthic-Pelagic Coupling of Marine Primary Producers Under Different Natural and Human-Induced Pressures’ Regimes. Front Mar Sci. 2022 Jun 13;9.",2022,10.3389/fmars.2022.909927,Greece,,1,37.9432745,21.1391470,,,
73,North east Mediterranean,"Gerakaris V, Varkitzi I, Orlando-Bonaca M, Kikaki K, Mozetič P, et al. Benthic-Pelagic Coupling of Marine Primary Producers Under Different Natural and Human-Induced Pressures’ Regimes. Front Mar Sci. 2022 Jun 13;9.",2022,10.3389/fmars.2022.909927,Greece,,1,37.7238957,20.8669308,,,
73,North east Mediterranean,"Gerakaris V, Varkitzi I, Orlando-Bonaca M, Kikaki K, Mozetič P, et al. Benthic-Pelagic Coupling of Marine Primary Producers Under Different Natural and Human-Induced Pressures’ Regimes. Front Mar Sci. 2022 Jun 13;9.",2022,10.3389/fmars.2022.909927,Greece,,1,38.1348290,20.4937595,,,
73,North east Mediterranean,"Gerakaris V, Varkitzi I, Orlando-Bonaca M, Kikaki K, Mozetič P, et al. Benthic-Pelagic Coupling of Marine Primary Producers Under Different Natural and Human-Induced Pressures’ Regimes. Front Mar Sci. 2022 Jun 13;9.",2022,10.3389/fmars.2022.909927,Greece,,1,39.0041181,20.9178016,,,
73,North east Mediterranean,"Gerakaris V, Varkitzi I, Orlando-Bonaca M, Kikaki K, Mozetič P, et al. Benthic-Pelagic Coupling of Marine Primary Producers Under Different Natural and Human-Induced Pressures’ Regimes. Front Mar Sci. 2022 Jun 13;9.",2022,10.3389/fmars.2022.909927,Greece,,1,39.5896533,20.1352485,,,
73,East Mediterranean,"Gerakaris V, Varkitzi I, Orlando-Bonaca M, Kikaki K, Mozetič P, et al. Benthic-Pelagic Coupling of Marine Primary Producers Under Different Natural and Human-Induced Pressures’ Regimes. Front Mar Sci. 2022 Jun 13;9.",2022,10.3389/fmars.2022.909927,Greece,crete,1,35.0047640,25.7382967,,,
73,East Mediterranean,"Gerakaris V, Varkitzi I, Orlando-Bonaca M, Kikaki K, Mozetič P, et al. Benthic-Pelagic Coupling of Marine Primary Producers Under Different Natural and Human-Induced Pressures’ Regimes. Front Mar Sci. 2022 Jun 13;9.",2022,10.3389/fmars.2022.909927,Greece,crete,1,35.5017032,24.0983302,,,
117,West Mediterranean,,2022,10.3389/fmars.2022.909927,Slovenia,,1,45.5383020,13.6207473,,,
74,North east Mediterranean,"Ramfos A, Gazis A, Katselis G. Development and evaluation of an automated digital image analysis software for obtaining seagrass leaf metrics. Botanica Marina. 2012 Dec 1;55(6):601–10.",2012,10.1515/bot-2012-0132,Greece,Messolonghi-Aitoliko lagoon,3,38.3230560,21.4377780,,,semi-encluse bay
119,all med,,2013,10.1007/s10750-012-1403-7,,,0,,,,,
75,East Mediterranean,"Vohník M, Borovec O, Özbek EÖ, Okudan Aslan EŞ. Rare phytomyxid infection on the alien seagrass Halophila stipulacea in the southeast Aegean Sea. Medit Mar Sci. 2017 Dec 8;0(0):433.",2017,10.12681/mms.14053,Turkey,"bay of Marmaris,",2,36.7908200,28.3040300,7.0,8.0,semi-encluse bay
121,West Mediterranean,,2018,10.1002/ece3.4663,spain,Mallorca,2,39.5280000,2.5833330,1.0,5.0,semi-encluse bay
76,South east Mediterranean,"Sghaier YR, Zakhama-Sraieb RYM, Charfi-Cheikhrouha F. Patterns of shallow seagrass (Posidonia oceanica) growth and flowering along the Tunisian coast. Aquatic Botany. 2013 Jan;104:185–92.",2013,10.1016/j.aquabot.2011.09.006,Tunisia,Tabarka  ,3,36.9586110,8.7558330,,2.0,close- bay
123,West Mediterranean,,2014,10.1016/j.marenvres.2014.05.008,Italy,Vulcano Island,0,,,,1.0,
124,West Mediterranean,,2010,10.1002/aqc.1128,Italy,Liguria,1,43.7754163,7.6734226,0.0,14.0,bay
124,West Mediterranean,,2010,10.1002/aqc.1128,Italy,Liguria,1,44.1801465,8.3945593,0.0,14.0,bay
124,West Mediterranean,,2010,10.1002/aqc.1128,Italy,Liguria,1,44.3801259,9.0407697,0.0,14.0,bay
124,West Mediterranean,,2010,10.1002/aqc.1128,Italy,Liguria,1,44.2012729,9.5525282,0.0,14.0,bay
77,East Mediterranean,"Nikolopoulou S, Berov D, Klayn S, Dimitrov LI, Velkovsky K, et al. Benthic habitat mapping of Plazh Gradina - Zlatna ribka (Black Sea) and Karpathos and Saria Islands (Mediterranean Sea). Biodivers Data J. 2021 Aug 23;9:e71972.",2021, 10.3897/BDJ.9.e71972,Greece,Karpathos ,2,35.8219091,27.2131972,,3.0,
78,East Mediterranean,"Beer S, Vilenkin B, Weil A, Veste M, Susel L, et al. Measuring photosynthetic rates in seagrasses by pulse amplitude modulated (PAM) fluorometry. Mar Ecol Prog Ser. 1998;174:293–300.",1998,10.3354/meps174293,Israel,Haifa,2,32.8333330,34.9500000,0.5,,
127,all med,,2009,10.1515/BOT.2009.057,,,,,,0.0,50.0,
128,,,,Assessment of Posidonia oceanica traits along a temperature gradient in the Mediterranean Sea shows impacts of marine warming and heat waves,,,,,,,,
129,all med,,2020,10.3390/w12102949,,,,Seagrass family frequency in the United Nations Environment Programme—World Conservation Monitoring Centre (UNEP-WCMC) dataset (last column presents seagrasses at species level).,,,,
79,North east Mediterranean,"Orfanidis S, Papathanasiou V, Mittas N, Theodosiou T, Ramfos A, et al. Further improvement, validation, and application of CymoSkew biotic index for the ecological status assessment of the Greek coastal and transitional waters. Ecological Indicators. 2020 Nov;118:106727.",2020,10.1016/j.ecolind.2020.106727,Greece,Fanari,3,40.9742670,25.1311830,1.2,4.0,bay
79,North east Mediterranean,"Orfanidis S, Papathanasiou V, Mittas N, Theodosiou T, Ramfos A, et al. Further improvement, validation, and application of CymoSkew biotic index for the ecological status assessment of the Greek coastal and transitional waters. Ecological Indicators. 2020 Nov;118:106727.",2020,10.1016/j.ecolind.2020.106727,Greece,Thasos,3,40.7924670,24.6600170,1.2,4.0,bay
79,North east Mediterranean,"Orfanidis S, Papathanasiou V, Mittas N, Theodosiou T, Ramfos A, et al. Further improvement, validation, and application of CymoSkew biotic index for the ecological status assessment of the Greek coastal and transitional waters. Ecological Indicators. 2020 Nov;118:106727.",2020,10.1016/j.ecolind.2020.106727,Greece,Kavala Gulf,3,40.8901170,24.6042170,1.2,4.0,bay
79,North east Mediterranean,"Orfanidis S, Papathanasiou V, Mittas N, Theodosiou T, Ramfos A, et al. Further improvement, validation, and application of CymoSkew biotic index for the ecological status assessment of the Greek coastal and transitional waters. Ecological Indicators. 2020 Nov;118:106727.",2020,10.1016/j.ecolind.2020.106727,Greece,Kavala Gulf,3,40.9416830,24.5550170,1.2,4.0,bay
79,North east Mediterranean,"Orfanidis S, Papathanasiou V, Mittas N, Theodosiou T, Ramfos A, et al. Further improvement, validation, and application of CymoSkew biotic index for the ecological status assessment of the Greek coastal and transitional waters. Ecological Indicators. 2020 Nov;118:106727.",2020,10.1016/j.ecolind.2020.106727,Greece,Kavala Gulf,3,40.9576500,24.5220170,1.2,4.0,bay
79,North east Mediterranean,"Orfanidis S, Papathanasiou V, Mittas N, Theodosiou T, Ramfos A, et al. Further improvement, validation, and application of CymoSkew biotic index for the ecological status assessment of the Greek coastal and transitional waters. Ecological Indicators. 2020 Nov;118:106727.",2020,10.1016/j.ecolind.2020.106727,Greece,Kavala Gulf,3,40.8263330,24.3239670,1.2,4.0,bay
79,North east Mediterranean,"Orfanidis S, Papathanasiou V, Mittas N, Theodosiou T, Ramfos A, et al. Further improvement, validation, and application of CymoSkew biotic index for the ecological status assessment of the Greek coastal and transitional waters. Ecological Indicators. 2020 Nov;118:106727.",2020,10.1016/j.ecolind.2020.106727,Greece,Thermaikos Gulf,3,40.5093500,22.8616330,1.2,4.0,bay
79,North east Mediterranean,"Orfanidis S, Papathanasiou V, Mittas N, Theodosiou T, Ramfos A, et al. Further improvement, validation, and application of CymoSkew biotic index for the ecological status assessment of the Greek coastal and transitional waters. Ecological Indicators. 2020 Nov;118:106727.",2020,10.1016/j.ecolind.2020.106727,Greece,Thermaikos Gulf,3,40.5490000,22.9801170,1.2,4.0,bay
79,North east Mediterranean,"Orfanidis S, Papathanasiou V, Mittas N, Theodosiou T, Ramfos A, et al. Further improvement, validation, and application of CymoSkew biotic index for the ecological status assessment of the Greek coastal and transitional waters. Ecological Indicators. 2020 Nov;118:106727.",2020,10.1016/j.ecolind.2020.106727,Greece,Rhodopi,3,40.9281000,25.2707670,1.2,4.0,bay
79,North east Mediterranean,"Orfanidis S, Papathanasiou V, Mittas N, Theodosiou T, Ramfos A, et al. Further improvement, validation, and application of CymoSkew biotic index for the ecological status assessment of the Greek coastal and transitional waters. Ecological Indicators. 2020 Nov;118:106727.",2020,10.1016/j.ecolind.2020.106727,Greece,Rhodopi,3,40.9265330,25.2553170,1.2,4.0,bay
79,North east Mediterranean,"Orfanidis S, Papathanasiou V, Mittas N, Theodosiou T, Ramfos A, et al. Further improvement, validation, and application of CymoSkew biotic index for the ecological status assessment of the Greek coastal and transitional waters. Ecological Indicators. 2020 Nov;118:106727.",2020,10.1016/j.ecolind.2020.106727,Greece,Rhodopi,3,40.9306000,24.9891500,1.2,4.0,bay
79,North east Mediterranean,"Orfanidis S, Papathanasiou V, Mittas N, Theodosiou T, Ramfos A, et al. Further improvement, validation, and application of CymoSkew biotic index for the ecological status assessment of the Greek coastal and transitional waters. Ecological Indicators. 2020 Nov;118:106727.",2020,10.1016/j.ecolind.2020.106727,Greece,Kavala Gulf,3,40.8647670,24.6955330,1.2,4.0,bay
79,North east Mediterranean,"Orfanidis S, Papathanasiou V, Mittas N, Theodosiou T, Ramfos A, et al. Further improvement, validation, and application of CymoSkew biotic index for the ecological status assessment of the Greek coastal and transitional waters. Ecological Indicators. 2020 Nov;118:106727.",2020,10.1016/j.ecolind.2020.106727,Greece,Strymonikos Gulf,2,40.7435330,23.8893330,1.2,4.0,bay
79,North east Mediterranean,"Orfanidis S, Papathanasiou V, Mittas N, Theodosiou T, Ramfos A, et al. Further improvement, validation, and application of CymoSkew biotic index for the ecological status assessment of the Greek coastal and transitional waters. Ecological Indicators. 2020 Nov;118:106727.",2020,10.1016/j.ecolind.2020.106727,Greece,Thermaikos Gulf,3,40.4639500,22.8452170,1.2,4.0,bay
79,North east Mediterranean,"Orfanidis S, Papathanasiou V, Mittas N, Theodosiou T, Ramfos A, et al. Further improvement, validation, and application of CymoSkew biotic index for the ecological status assessment of the Greek coastal and transitional waters. Ecological Indicators. 2020 Nov;118:106727.",2020,10.1016/j.ecolind.2020.106727,Greece,Messolonghi lagoon,3,38.3587670,21.4288000,1.2,4.0,lagoon
79,North east Mediterranean,"Orfanidis S, Papathanasiou V, Mittas N, Theodosiou T, Ramfos A, et al. Further improvement, validation, and application of CymoSkew biotic index for the ecological status assessment of the Greek coastal and transitional waters. Ecological Indicators. 2020 Nov;118:106727.",2020,10.1016/j.ecolind.2020.106727,Greece,Messolonghi lagoon,3,38.3324500,21.4346670,1.2,4.0,lagoon
80,North east Mediterranean,"Ward EA, Aldis C, Wade T, Miliou A, Tsimpidis T, et al. Is all seagrass habitat equal? seasonal, spatial, and interspecific variation in productivity dynamics within mediterranean seagrass habitat. Front Mar Sci. 2022 Jul 25;9.",2022,10.3389/fmars.2022.891467,Greece,Dodecanese Islands,3,37.31746,26.724704,,6,semi-encluse bay